{"cameraMode":{"drawMode":0,"name":"Shaded","section":"Shading Mode"},"sceneLighting":false,"audioPlay":false,"sceneViewState":{"showFog":true,"showMaterialUpdate":false,"showSkybox":true,"showFlares":true,"showImageEffects":true,"showParticleSystems":true},"in2DMode":false,"pivot":{"x":61.70000076293945,"y":2.2026472091674806,"z":13.59999942779541},"rotation":{"x":-0.3983708322048187,"y":-0.07772865146398545,"z":0.033904511481523517,"w":-0.9132959246635437},"size":7.486647605895996,"orthographic":false}