{"cameraMode":{"drawMode":0,"name":"Shaded","section":"Shading Mode"},"sceneLighting":false,"audioPlay":false,"sceneViewState":{"showFog":true,"showMaterialUpdate":false,"showSkybox":true,"showFlares":true,"showImageEffects":true,"showParticleSystems":true},"in2DMode":false,"pivot":{"x":40.785003662109378,"y":4.5,"z":32.89887619018555},"rotation":{"x":0.14819377660751344,"y":-0.030253713950514795,"z":0.004535913001745939,"w":0.9884850978851318},"size":109.14168548583985,"orthographic":false}