{"cameraMode":{"drawMode":0,"name":"Shaded","section":"Shading Mode"},"sceneLighting":false,"audioPlay":false,"sceneViewState":{"showFog":true,"showMaterialUpdate":false,"showSkybox":true,"showFlares":true,"showImageEffects":true,"showParticleSystems":true},"in2DMode":false,"pivot":{"x":61.96476364135742,"y":0.5290404558181763,"z":12.716538429260254},"rotation":{"x":0.07766363024711609,"y":0.7259225249290466,"z":-0.08311577886343003,"w":0.6783042550086975},"size":3.9568941593170168,"orthographic":false}