{"cameraMode":{"drawMode":0,"name":"Shaded","section":"Shading Mode"},"sceneLighting":false,"audioPlay":false,"sceneViewState":{"showFog":true,"showMaterialUpdate":false,"showSkybox":true,"showFlares":true,"showImageEffects":true,"showParticleSystems":true},"in2DMode":false,"pivot":{"x":116.96472930908203,"y":0.5,"z":22.4486141204834},"rotation":{"x":0.19059240818023683,"y":-0.5332860350608826,"z":0.12476016581058502,"w":0.8146873116493225},"size":22.443748474121095,"orthographic":false}