{"cameraMode":{"drawMode":0,"name":"Shaded","section":"Shading Mode"},"sceneLighting":false,"audioPlay":false,"sceneViewState":{"showFog":true,"showMaterialUpdate":false,"showSkybox":true,"showFlares":true,"showImageEffects":true,"showParticleSystems":true},"in2DMode":false,"pivot":{"x":-0.587309718132019,"y":2.698993682861328,"z":-1.317276954650879},"rotation":{"x":0.03702399879693985,"y":-0.9624989032745361,"z":0.17396236956119538,"w":0.20484691858291627},"size":5.091868877410889,"orthographic":false}