{"cameraMode":{"drawMode":0,"name":"Shaded","section":"Shading Mode"},"sceneLighting":false,"audioPlay":false,"sceneViewState":{"showFog":true,"showMaterialUpdate":false,"showSkybox":true,"showFlares":true,"showImageEffects":true,"showParticleSystems":true},"in2DMode":false,"pivot":{"x":-2.9693355560302736,"y":1.3057498931884766,"z":-1.251349925994873},"rotation":{"x":0.14685963094234467,"y":-0.6498904228210449,"z":0.12998023629188538,"w":0.7342886924743652},"size":30.800731658935548,"orthographic":false}