{"cameraMode":{"drawMode":0,"name":"Shaded","section":"Shading Mode"},"sceneLighting":false,"audioPlay":false,"sceneViewState":{"showFog":true,"showMaterialUpdate":false,"showSkybox":true,"showFlares":true,"showImageEffects":true,"showParticleSystems":true},"in2DMode":false,"pivot":{"x":42.900001525878909,"y":3.525179386138916,"z":-14.800000190734864},"rotation":{"x":0.11775987595319748,"y":0.5680516958236694,"z":-0.08255091309547425,"w":0.810330331325531},"size":22.443763732910158,"orthographic":false}