{"cameraMode":{"drawMode":0,"name":"Shaded","section":"Shading Mode"},"sceneLighting":false,"audioPlay":false,"sceneViewState":{"showFog":true,"showMaterialUpdate":false,"showSkybox":true,"showFlares":true,"showImageEffects":true,"showParticleSystems":true},"in2DMode":false,"pivot":{"x":70.47976684570313,"y":1.1501386165618897,"z":-2.0635087490081789},"rotation":{"x":-0.0018019390990957618,"y":0.9026488661766052,"z":0.0037795505486428739,"w":0.4303574860095978},"size":6.588221549987793,"orthographic":false}