{"cameraMode":{"drawMode":0,"name":"Shaded","section":"Shading Mode"},"sceneLighting":false,"audioPlay":false,"sceneViewState":{"showFog":true,"showMaterialUpdate":false,"showSkybox":true,"showFlares":true,"showImageEffects":true,"showParticleSystems":true},"in2DMode":false,"pivot":{"x":52.6551513671875,"y":-0.6542525291442871,"z":23.532779693603517},"rotation":{"x":0.04197566956281662,"y":-0.9532150626182556,"z":0.2549158036708832,"w":0.15696194767951966},"size":14.293110847473145,"orthographic":false}