{"cameraMode":{"drawMode":0,"name":"Shaded","section":"Shading Mode"},"sceneLighting":false,"audioPlay":false,"sceneViewState":{"showFog":true,"showMaterialUpdate":false,"showSkybox":true,"showFlares":true,"showImageEffects":true,"showParticleSystems":true},"in2DMode":false,"pivot":{"x":141.27992248535157,"y":5.572823524475098,"z":41.51387023925781},"rotation":{"x":0.16918179392814637,"y":0.8301368355751038,"z":-0.39366844296455386,"w":0.3567570149898529},"size":28.718257904052736,"orthographic":false}