{"cameraMode":{"drawMode":0,"name":"Shaded","section":"Shading Mode"},"sceneLighting":false,"audioPlay":false,"sceneViewState":{"showFog":true,"showMaterialUpdate":false,"showSkybox":true,"showFlares":true,"showImageEffects":true,"showParticleSystems":true},"in2DMode":false,"pivot":{"x":38.204750061035159,"y":0.5000457763671875,"z":-545.4554443359375},"rotation":{"x":0.19059240818023683,"y":-0.5332860350608826,"z":0.12476016581058502,"w":0.8146873116493225},"size":2063.06396484375,"orthographic":false}