{"cameraMode":{"drawMode":0,"name":"Shaded","section":"Shading Mode"},"sceneLighting":false,"audioPlay":false,"sceneViewState":{"showFog":true,"showMaterialUpdate":false,"showSkybox":true,"showFlares":true,"showImageEffects":true,"showParticleSystems":true},"in2DMode":false,"pivot":{"x":15.0,"y":2.1727988719940187,"z":18.700000762939454},"rotation":{"x":0.3606055974960327,"y":-0.22927185893058778,"z":0.09192304313182831,"w":0.8994154930114746},"size":14.613289833068848,"orthographic":false}