{"cameraMode":{"drawMode":0,"name":"Shaded","section":"Shading Mode"},"sceneLighting":false,"audioPlay":false,"sceneViewState":{"showFog":true,"showMaterialUpdate":false,"showSkybox":true,"showFlares":true,"showImageEffects":true,"showParticleSystems":true},"in2DMode":false,"pivot":{"x":38.50559997558594,"y":4.73404598236084,"z":42.6210823059082},"rotation":{"x":0.3421434760093689,"y":0.03831867501139641,"z":-0.013965853489935398,"w":0.9387621879577637},"size":34.56103515625,"orthographic":false}