{"cameraMode":{"drawMode":0,"name":"Shaded","section":"Shading Mode"},"sceneLighting":false,"audioPlay":false,"sceneViewState":{"showFog":true,"showMaterialUpdate":false,"showSkybox":true,"showFlares":true,"showImageEffects":true,"showParticleSystems":true},"in2DMode":false,"pivot":{"x":97.97827911376953,"y":9.272767066955567,"z":23.723098754882814},"rotation":{"x":0.41807249188423159,"y":0.2677367925643921,"z":-0.1304265260696411,"w":0.8582082390785217},"size":41.41490173339844,"orthographic":false}