{"cameraMode":{"drawMode":0,"name":"Shaded","section":"Shading Mode"},"sceneLighting":false,"audioPlay":false,"sceneViewState":{"showFog":true,"showMaterialUpdate":false,"showSkybox":true,"showFlares":true,"showImageEffects":true,"showParticleSystems":true},"in2DMode":false,"pivot":{"x":62.10542678833008,"y":1.0379493236541749,"z":13.044782638549805},"rotation":{"x":0.07766363024711609,"y":0.7259225249290466,"z":-0.08311577886343003,"w":0.6783042550086975},"size":4.856894493103027,"orthographic":false}