{"cameraMode":{"drawMode":0,"name":"Shaded","section":"Shading Mode"},"sceneLighting":false,"audioPlay":false,"sceneViewState":{"showFog":true,"showMaterialUpdate":false,"showSkybox":true,"showFlares":true,"showImageEffects":true,"showParticleSystems":true},"in2DMode":false,"pivot":{"x":97.97827911376953,"y":9.272767066955567,"z":23.723098754882814},"rotation":{"x":-0.15889669954776765,"y":0.4561217129230499,"z":-0.08314692229032517,"w":-0.8716601729393005},"size":30.00407600402832,"orthographic":false}